{
  "baseline": {
    "accuracy": 0.9071515151515152,
    "precision": 0.038461538461538464,
    "recall": 0.03694581280788178,
    "f1": 0.03768844221105527,
    "roc_auc": 0.49456928580220705
  },
  "Logistic Regression": {
    "accuracy": 0.9627878787878787,
    "precision": 0.9230769230769231,
    "recall": 0.2660098522167488,
    "f1": 0.4130019120458891,
    "roc_auc": 0.8285960465531058
  },
  "Decision Tree": {
    "accuracy": 0.9643636363636363,
    "precision": 0.7137404580152672,
    "recall": 0.4605911330049261,
    "f1": 0.5598802395209581,
    "roc_auc": 0.7888750587189103
  },
  "Random Forest": {
    "accuracy": 0.9715151515151516,
    "precision": 0.9942196531791907,
    "recall": 0.4236453201970443,
    "f1": 0.5941278065630398,
    "roc_auc": 0.8937770201189198
  },
  "AdaBoost": {
    "accuracy": 0.9703030303030303,
    "precision": 0.9398907103825137,
    "recall": 0.4236453201970443,
    "f1": 0.5840407470288624,
    "roc_auc": 0.8770743161601978
  }
}